"{'name': 'Greenwich', 'region': 'Greenwich, Greater London', 'country': 'United Kingdom', 'lat': 51.48, 'lon': 0.01, 'tz_id': 'Europe/London', 'localtime_epoch': 1609073537, 'localtime': '2020-12-27 12:52'}","{'last_updated_epoch': 1609073110, 'last_updated': '2020-12-27 12:45', 'temp_c': 6.0, 'temp_f': 42.8, 'is_day': 1, 'condition': {'text': 'Sunny', 'icon': '//cdn.weatherapi.com/weather/64x64/day/113.png', 'code': 1000}, 'wind_mph': 13.6, 'wind_kph': 22.0, 'wind_degree': 270, 'wind_dir': 'W', 'pressure_mb': 975.0, 'pressure_in': 29.2, 'precip_mm': 2.4, 'precip_in': 0.09, 'humidity': 75, 'cloud': 0, 'feelslike_c': 2.0, 'feelslike_f': 35.6, 'vis_km': 10.0, 'vis_miles': 6.0, 'uv': 2.0, 'gust_mph': 19.0, 'gust_kph': 30.6}"
"{'name': 'Greenwich', 'region': 'Greenwich, Greater London', 'country': 'United Kingdom', 'lat': 51.48, 'lon': 0.01, 'tz_id': 'Europe/London', 'localtime_epoch': 1609073537, 'localtime': '2020-12-27 12:52'}","{'last_updated_epoch': 1609073110, 'last_updated': '2020-12-27 12:45', 'temp_c': 6.0, 'temp_f': 42.8, 'is_day': 1, 'condition': {'text': 'Sunny', 'icon': '//cdn.weatherapi.com/weather/64x64/day/113.png', 'code': 1000}, 'wind_mph': 13.6, 'wind_kph': 22.0, 'wind_degree': 270, 'wind_dir': 'W', 'pressure_mb': 975.0, 'pressure_in': 29.2, 'precip_mm': 2.4, 'precip_in': 0.09, 'humidity': 75, 'cloud': 0, 'feelslike_c': 2.0, 'feelslike_f': 35.6, 'vis_km': 10.0, 'vis_miles': 6.0, 'uv': 2.0, 'gust_mph': 19.0, 'gust_kph': 30.6}"
"{'name': 'Greenwich', 'region': 'Greenwich, Greater London', 'country': 'United Kingdom', 'lat': 51.48, 'lon': 0.01, 'tz_id': 'Europe/London', 'localtime_epoch': 1609073641, 'localtime': '2020-12-27 12:54'}","{'last_updated_epoch': 1609072209, 'last_updated': '2020-12-27 12:30', 'temp_c': 6.0, 'temp_f': 42.8, 'is_day': 1, 'condition': {'text': 'Sunny', 'icon': '//cdn.weatherapi.com/weather/64x64/day/113.png', 'code': 1000}, 'wind_mph': 13.6, 'wind_kph': 22.0, 'wind_degree': 270, 'wind_dir': 'W', 'pressure_mb': 975.0, 'pressure_in': 29.2, 'precip_mm': 2.4, 'precip_in': 0.09, 'humidity': 75, 'cloud': 0, 'feelslike_c': 2.0, 'feelslike_f': 35.6, 'vis_km': 10.0, 'vis_miles': 6.0, 'uv': 2.0, 'gust_mph': 19.0, 'gust_kph': 30.6}"
"{'name': 'Greenwich', 'region': 'Greenwich, Greater London', 'country': 'United Kingdom', 'lat': 51.48, 'lon': 0.01, 'tz_id': 'Europe/London', 'localtime_epoch': 1609073701, 'localtime': '2020-12-27 12:55'}","{'last_updated_epoch': 1609073110, 'last_updated': '2020-12-27 12:45', 'temp_c': 6.0, 'temp_f': 42.8, 'is_day': 1, 'condition': {'text': 'Sunny', 'icon': '//cdn.weatherapi.com/weather/64x64/day/113.png', 'code': 1000}, 'wind_mph': 13.6, 'wind_kph': 22.0, 'wind_degree': 270, 'wind_dir': 'W', 'pressure_mb': 975.0, 'pressure_in': 29.2, 'precip_mm': 2.4, 'precip_in': 0.09, 'humidity': 75, 'cloud': 0, 'feelslike_c': 2.0, 'feelslike_f': 35.6, 'vis_km': 10.0, 'vis_miles': 6.0, 'uv': 2.0, 'gust_mph': 19.0, 'gust_kph': 30.6}"
"{'name': 'Greenwich', 'region': 'Greenwich, Greater London', 'country': 'United Kingdom', 'lat': 51.48, 'lon': 0.01, 'tz_id': 'Europe/London', 'localtime_epoch': 1609073701, 'localtime': '2020-12-27 12:55'}","{'last_updated_epoch': 1609073110, 'last_updated': '2020-12-27 12:45', 'temp_c': 6.0, 'temp_f': 42.8, 'is_day': 1, 'condition': {'text': 'Sunny', 'icon': '//cdn.weatherapi.com/weather/64x64/day/113.png', 'code': 1000}, 'wind_mph': 13.6, 'wind_kph': 22.0, 'wind_degree': 270, 'wind_dir': 'W', 'pressure_mb': 975.0, 'pressure_in': 29.2, 'precip_mm': 2.4, 'precip_in': 0.09, 'humidity': 75, 'cloud': 0, 'feelslike_c': 2.0, 'feelslike_f': 35.6, 'vis_km': 10.0, 'vis_miles': 6.0, 'uv': 2.0, 'gust_mph': 19.0, 'gust_kph': 30.6}"
"{'name': 'Greenwich', 'region': 'Greenwich, Greater London', 'country': 'United Kingdom', 'lat': 51.48, 'lon': 0.01, 'tz_id': 'Europe/London', 'localtime_epoch': 1609073822, 'localtime': '2020-12-27 12:57'}","{'last_updated_epoch': 1609073110, 'last_updated': '2020-12-27 12:45', 'temp_c': 6.0, 'temp_f': 42.8, 'is_day': 1, 'condition': {'text': 'Sunny', 'icon': '//cdn.weatherapi.com/weather/64x64/day/113.png', 'code': 1000}, 'wind_mph': 13.6, 'wind_kph': 22.0, 'wind_degree': 270, 'wind_dir': 'W', 'pressure_mb': 975.0, 'pressure_in': 29.2, 'precip_mm': 2.4, 'precip_in': 0.09, 'humidity': 75, 'cloud': 0, 'feelslike_c': 2.0, 'feelslike_f': 35.6, 'vis_km': 10.0, 'vis_miles': 6.0, 'uv': 2.0, 'gust_mph': 19.0, 'gust_kph': 30.6}"
"{'name': 'Greenwich', 'region': 'Greenwich, Greater London', 'country': 'United Kingdom', 'lat': 51.48, 'lon': 0.01, 'tz_id': 'Europe/London', 'localtime_epoch': 1609073822, 'localtime': '2020-12-27 12:57'}","{'last_updated_epoch': 1609073110, 'last_updated': '2020-12-27 12:45', 'temp_c': 6.0, 'temp_f': 42.8, 'is_day': 1, 'condition': {'text': 'Sunny', 'icon': '//cdn.weatherapi.com/weather/64x64/day/113.png', 'code': 1000}, 'wind_mph': 13.6, 'wind_kph': 22.0, 'wind_degree': 270, 'wind_dir': 'W', 'pressure_mb': 975.0, 'pressure_in': 29.2, 'precip_mm': 2.4, 'precip_in': 0.09, 'humidity': 75, 'cloud': 0, 'feelslike_c': 2.0, 'feelslike_f': 35.6, 'vis_km': 10.0, 'vis_miles': 6.0, 'uv': 2.0, 'gust_mph': 19.0, 'gust_kph': 30.6}"
"{'name': 'Greenwich', 'region': 'Greenwich, Greater London', 'country': 'United Kingdom', 'lat': 51.48, 'lon': 0.01, 'tz_id': 'Europe/London', 'localtime_epoch': 1609074902, 'localtime': '2020-12-27 13:15'}","{'last_updated_epoch': 1609074016, 'last_updated': '2020-12-27 13:00', 'temp_c': 6.0, 'temp_f': 42.8, 'is_day': 1, 'condition': {'text': 'Sunny', 'icon': '//cdn.weatherapi.com/weather/64x64/day/113.png', 'code': 1000}, 'wind_mph': 13.6, 'wind_kph': 22.0, 'wind_degree': 270, 'wind_dir': 'W', 'pressure_mb': 975.0, 'pressure_in': 29.2, 'precip_mm': 2.2, 'precip_in': 0.09, 'humidity': 75, 'cloud': 0, 'feelslike_c': 2.2, 'feelslike_f': 35.9, 'vis_km': 10.0, 'vis_miles': 6.0, 'uv': 2.0, 'gust_mph': 17.0, 'gust_kph': 27.4}"
"{'name': 'Greenwich', 'region': 'Greenwich, Greater London', 'country': 'United Kingdom', 'lat': 51.48, 'lon': 0.01, 'tz_id': 'Europe/London', 'localtime_epoch': 1609075802, 'localtime': '2020-12-27 13:30'}","{'last_updated_epoch': 1609074906, 'last_updated': '2020-12-27 13:15', 'temp_c': 6.0, 'temp_f': 42.8, 'is_day': 1, 'condition': {'text': 'Partly cloudy', 'icon': '//cdn.weatherapi.com/weather/64x64/day/116.png', 'code': 1003}, 'wind_mph': 12.5, 'wind_kph': 20.2, 'wind_degree': 260, 'wind_dir': 'W', 'pressure_mb': 975.0, 'pressure_in': 29.2, 'precip_mm': 2.2, 'precip_in': 0.09, 'humidity': 75, 'cloud': 50, 'feelslike_c': 2.2, 'feelslike_f': 36.0, 'vis_km': 10.0, 'vis_miles': 6.0, 'uv': 2.0, 'gust_mph': 16.8, 'gust_kph': 27.0}"
"{'name': 'Greenwich', 'region': 'Greenwich, Greater London', 'country': 'United Kingdom', 'lat': 51.48, 'lon': 0.01, 'tz_id': 'Europe/London', 'localtime_epoch': 1609076702, 'localtime': '2020-12-27 13:45'}","{'last_updated_epoch': 1609075809, 'last_updated': '2020-12-27 13:30', 'temp_c': 6.0, 'temp_f': 42.8, 'is_day': 1, 'condition': {'text': 'Partly cloudy', 'icon': '//cdn.weatherapi.com/weather/64x64/day/116.png', 'code': 1003}, 'wind_mph': 12.5, 'wind_kph': 20.2, 'wind_degree': 250, 'wind_dir': 'WSW', 'pressure_mb': 975.0, 'pressure_in': 29.2, 'precip_mm': 2.2, 'precip_in': 0.09, 'humidity': 70, 'cloud': 25, 'feelslike_c': 2.2, 'feelslike_f': 35.9, 'vis_km': 10.0, 'vis_miles': 6.0, 'uv': 2.0, 'gust_mph': 17.0, 'gust_kph': 27.4}"
"{'name': 'Greenwich', 'region': 'Greenwich, Greater London', 'country': 'United Kingdom', 'lat': 51.48, 'lon': 0.01, 'tz_id': 'Europe/London', 'localtime_epoch': 1609077601, 'localtime': '2020-12-27 14:00'}","{'last_updated_epoch': 1609076710, 'last_updated': '2020-12-27 13:45', 'temp_c': 6.0, 'temp_f': 42.8, 'is_day': 1, 'condition': {'text': 'Partly cloudy', 'icon': '//cdn.weatherapi.com/weather/64x64/day/116.png', 'code': 1003}, 'wind_mph': 12.5, 'wind_kph': 20.2, 'wind_degree': 250, 'wind_dir': 'WSW', 'pressure_mb': 975.0, 'pressure_in': 29.2, 'precip_mm': 2.2, 'precip_in': 0.09, 'humidity': 70, 'cloud': 25, 'feelslike_c': 2.2, 'feelslike_f': 36.0, 'vis_km': 10.0, 'vis_miles': 6.0, 'uv': 2.0, 'gust_mph': 16.8, 'gust_kph': 27.0}"
"{'name': 'Greenwich', 'region': 'Greenwich, Greater London', 'country': 'United Kingdom', 'lat': 51.48, 'lon': 0.01, 'tz_id': 'Europe/London', 'localtime_epoch': 1609078501, 'localtime': '2020-12-27 14:15'}","{'last_updated_epoch': 1609077617, 'last_updated': '2020-12-27 14:00', 'temp_c': 6.0, 'temp_f': 42.8, 'is_day': 1, 'condition': {'text': 'Partly cloudy', 'icon': '//cdn.weatherapi.com/weather/64x64/day/116.png', 'code': 1003}, 'wind_mph': 12.5, 'wind_kph': 20.2, 'wind_degree': 250, 'wind_dir': 'WSW', 'pressure_mb': 975.0, 'pressure_in': 29.2, 'precip_mm': 2.1, 'precip_in': 0.08, 'humidity': 70, 'cloud': 25, 'feelslike_c': 2.4, 'feelslike_f': 36.2, 'vis_km': 10.0, 'vis_miles': 6.0, 'uv': 2.0, 'gust_mph': 15.2, 'gust_kph': 24.5}"
"{'name': 'Greenwich', 'region': 'Greenwich, Greater London', 'country': 'United Kingdom', 'lat': 51.48, 'lon': 0.01, 'tz_id': 'Europe/London', 'localtime_epoch': 1609079402, 'localtime': '2020-12-27 14:30'}","{'last_updated_epoch': 1609078506, 'last_updated': '2020-12-27 14:15', 'temp_c': 6.0, 'temp_f': 42.8, 'is_day': 1, 'condition': {'text': 'Partly cloudy', 'icon': '//cdn.weatherapi.com/weather/64x64/day/116.png', 'code': 1003}, 'wind_mph': 12.5, 'wind_kph': 20.2, 'wind_degree': 270, 'wind_dir': 'W', 'pressure_mb': 975.0, 'pressure_in': 29.2, 'precip_mm': 2.1, 'precip_in': 0.08, 'humidity': 70, 'cloud': 25, 'feelslike_c': 2.4, 'feelslike_f': 36.2, 'vis_km': 10.0, 'vis_miles': 6.0, 'uv': 2.0, 'gust_mph': 15.2, 'gust_kph': 24.5}"
"{'name': 'Greenwich', 'region': 'Greenwich, Greater London', 'country': 'United Kingdom', 'lat': 51.48, 'lon': 0.01, 'tz_id': 'Europe/London', 'localtime_epoch': 1609080302, 'localtime': '2020-12-27 14:45'}","{'last_updated_epoch': 1609079410, 'last_updated': '2020-12-27 14:30', 'temp_c': 6.0, 'temp_f': 42.8, 'is_day': 1, 'condition': {'text': 'Partly cloudy', 'icon': '//cdn.weatherapi.com/weather/64x64/day/116.png', 'code': 1003}, 'wind_mph': 10.5, 'wind_kph': 16.9, 'wind_degree': 250, 'wind_dir': 'WSW', 'pressure_mb': 974.0, 'pressure_in': 29.2, 'precip_mm': 2.1, 'precip_in': 0.08, 'humidity': 65, 'cloud': 25, 'feelslike_c': 2.4, 'feelslike_f': 36.2, 'vis_km': 10.0, 'vis_miles': 6.0, 'uv': 2.0, 'gust_mph': 15.2, 'gust_kph': 24.5}"
"{'name': 'Greenwich', 'region': 'Greenwich, Greater London', 'country': 'United Kingdom', 'lat': 51.48, 'lon': 0.01, 'tz_id': 'Europe/London', 'localtime_epoch': 1609082101, 'localtime': '2020-12-27 15:15'}","{'last_updated_epoch': 1609081213, 'last_updated': '2020-12-27 15:00', 'temp_c': 6.0, 'temp_f': 42.8, 'is_day': 1, 'condition': {'text': 'Partly cloudy', 'icon': '//cdn.weatherapi.com/weather/64x64/day/116.png', 'code': 1003}, 'wind_mph': 10.5, 'wind_kph': 16.9, 'wind_degree': 250, 'wind_dir': 'WSW', 'pressure_mb': 974.0, 'pressure_in': 29.2, 'precip_mm': 1.9, 'precip_in': 0.07, 'humidity': 65, 'cloud': 25, 'feelslike_c': 3.0, 'feelslike_f': 37.4, 'vis_km': 10.0, 'vis_miles': 6.0, 'uv': 2.0, 'gust_mph': 10.7, 'gust_kph': 17.3}"
"{'name': 'Greenwich', 'region': 'Greenwich, Greater London', 'country': 'United Kingdom', 'lat': 51.48, 'lon': 0.01, 'tz_id': 'Europe/London', 'localtime_epoch': 1609083001, 'localtime': '2020-12-27 15:30'}","{'last_updated_epoch': 1609082105, 'last_updated': '2020-12-27 15:15', 'temp_c': 6.0, 'temp_f': 42.8, 'is_day': 1, 'condition': {'text': 'Partly cloudy', 'icon': '//cdn.weatherapi.com/weather/64x64/day/116.png', 'code': 1003}, 'wind_mph': 9.4, 'wind_kph': 15.1, 'wind_degree': 250, 'wind_dir': 'WSW', 'pressure_mb': 974.0, 'pressure_in': 29.2, 'precip_mm': 0.2, 'precip_in': 0.01, 'humidity': 65, 'cloud': 25, 'feelslike_c': 3.0, 'feelslike_f': 37.3, 'vis_km': 10.0, 'vis_miles': 6.0, 'uv': 2.0, 'gust_mph': 11.0, 'gust_kph': 17.6}"
"{'name': 'Greenwich', 'region': 'Greenwich, Greater London', 'country': 'United Kingdom', 'lat': 51.48, 'lon': 0.01, 'tz_id': 'Europe/London', 'localtime_epoch': 1609083901, 'localtime': '2020-12-27 15:45'}","{'last_updated_epoch': 1609083010, 'last_updated': '2020-12-27 15:30', 'temp_c': 6.0, 'temp_f': 42.8, 'is_day': 1, 'condition': {'text': 'Sunny', 'icon': '//cdn.weatherapi.com/weather/64x64/day/113.png', 'code': 1000}, 'wind_mph': 11.9, 'wind_kph': 19.1, 'wind_degree': 240, 'wind_dir': 'WSW', 'pressure_mb': 974.0, 'pressure_in': 29.2, 'precip_mm': 0.2, 'precip_in': 0.01, 'humidity': 65, 'cloud': 0, 'feelslike_c': 3.0, 'feelslike_f': 37.3, 'vis_km': 10.0, 'vis_miles': 6.0, 'uv': 2.0, 'gust_mph': 11.0, 'gust_kph': 17.6}"
"{'name': 'Greenwich', 'region': 'Greenwich, Greater London', 'country': 'United Kingdom', 'lat': 51.48, 'lon': 0.01, 'tz_id': 'Europe/London', 'localtime_epoch': 1609084802, 'localtime': '2020-12-27 16:00'}","{'last_updated_epoch': 1609083910, 'last_updated': '2020-12-27 15:45', 'temp_c': 6.0, 'temp_f': 42.8, 'is_day': 0, 'condition': {'text': 'Clear', 'icon': '//cdn.weatherapi.com/weather/64x64/night/113.png', 'code': 1000}, 'wind_mph': 11.9, 'wind_kph': 19.1, 'wind_degree': 240, 'wind_dir': 'WSW', 'pressure_mb': 974.0, 'pressure_in': 29.2, 'precip_mm': 0.2, 'precip_in': 0.01, 'humidity': 65, 'cloud': 0, 'feelslike_c': 3.0, 'feelslike_f': 37.3, 'vis_km': 10.0, 'vis_miles': 6.0, 'uv': 2.0, 'gust_mph': 11.0, 'gust_kph': 17.6}"
"{'name': 'Greenwich', 'region': 'Greenwich, Greater London', 'country': 'United Kingdom', 'lat': 51.48, 'lon': 0.01, 'tz_id': 'Europe/London', 'localtime_epoch': 1609085702, 'localtime': '2020-12-27 16:15'}","{'last_updated_epoch': 1609084816, 'last_updated': '2020-12-27 16:00', 'temp_c': 6.0, 'temp_f': 42.8, 'is_day': 0, 'condition': {'text': 'Clear', 'icon': '//cdn.weatherapi.com/weather/64x64/night/113.png', 'code': 1000}, 'wind_mph': 11.9, 'wind_kph': 19.1, 'wind_degree': 240, 'wind_dir': 'WSW', 'pressure_mb': 974.0, 'pressure_in': 29.2, 'precip_mm': 0.1, 'precip_in': 0.0, 'humidity': 65, 'cloud': 0, 'feelslike_c': 3.0, 'feelslike_f': 37.4, 'vis_km': 10.0, 'vis_miles': 6.0, 'uv': 3.0, 'gust_mph': 11.0, 'gust_kph': 17.6}"
"{'name': 'Greenwich', 'region': 'Greenwich, Greater London', 'country': 'United Kingdom', 'lat': 51.48, 'lon': 0.01, 'tz_id': 'Europe/London', 'localtime_epoch': 1609086601, 'localtime': '2020-12-27 16:30'}","{'last_updated_epoch': 1609085705, 'last_updated': '2020-12-27 16:15', 'temp_c': 5.0, 'temp_f': 41.0, 'is_day': 0, 'condition': {'text': 'Clear', 'icon': '//cdn.weatherapi.com/weather/64x64/night/113.png', 'code': 1000}, 'wind_mph': 9.4, 'wind_kph': 15.1, 'wind_degree': 240, 'wind_dir': 'WSW', 'pressure_mb': 974.0, 'pressure_in': 29.2, 'precip_mm': 1.3, 'precip_in': 0.05, 'humidity': 70, 'cloud': 0, 'feelslike_c': 1.8, 'feelslike_f': 35.3, 'vis_km': 10.0, 'vis_miles': 6.0, 'uv': 3.0, 'gust_mph': 10.7, 'gust_kph': 17.3}"
"{'name': 'Greenwich', 'region': 'Greenwich, Greater London', 'country': 'United Kingdom', 'lat': 51.48, 'lon': 0.01, 'tz_id': 'Europe/London', 'localtime_epoch': 1609087502, 'localtime': '2020-12-27 16:45'}","{'last_updated_epoch': 1609086609, 'last_updated': '2020-12-27 16:30', 'temp_c': 5.0, 'temp_f': 41.0, 'is_day': 0, 'condition': {'text': 'Clear', 'icon': '//cdn.weatherapi.com/weather/64x64/night/113.png', 'code': 1000}, 'wind_mph': 8.1, 'wind_kph': 13.0, 'wind_degree': 230, 'wind_dir': 'SW', 'pressure_mb': 973.0, 'pressure_in': 29.2, 'precip_mm': 0.1, 'precip_in': 0.0, 'humidity': 70, 'cloud': 0, 'feelslike_c': 1.8, 'feelslike_f': 35.2, 'vis_km': 10.0, 'vis_miles': 6.0, 'uv': 3.0, 'gust_mph': 11.0, 'gust_kph': 17.6}"
"{'name': 'Greenwich', 'region': 'Greenwich, Greater London', 'country': 'United Kingdom', 'lat': 51.48, 'lon': 0.01, 'tz_id': 'Europe/London', 'localtime_epoch': 1609088401, 'localtime': '2020-12-27 17:00'}","{'last_updated_epoch': 1609087509, 'last_updated': '2020-12-27 16:45', 'temp_c': 5.0, 'temp_f': 41.0, 'is_day': 0, 'condition': {'text': 'Clear', 'icon': '//cdn.weatherapi.com/weather/64x64/night/113.png', 'code': 1000}, 'wind_mph': 8.1, 'wind_kph': 13.0, 'wind_degree': 230, 'wind_dir': 'SW', 'pressure_mb': 973.0, 'pressure_in': 29.2, 'precip_mm': 0.1, 'precip_in': 0.0, 'humidity': 70, 'cloud': 0, 'feelslike_c': 1.8, 'feelslike_f': 35.2, 'vis_km': 10.0, 'vis_miles': 6.0, 'uv': 3.0, 'gust_mph': 11.0, 'gust_kph': 17.6}"
"{'name': 'Greenwich', 'region': 'Greenwich, Greater London', 'country': 'United Kingdom', 'lat': 51.48, 'lon': 0.01, 'tz_id': 'Europe/London', 'localtime_epoch': 1609089301, 'localtime': '2020-12-27 17:15'}","{'last_updated_epoch': 1609088414, 'last_updated': '2020-12-27 17:00', 'temp_c': 5.0, 'temp_f': 41.0, 'is_day': 0, 'condition': {'text': 'Clear', 'icon': '//cdn.weatherapi.com/weather/64x64/night/113.png', 'code': 1000}, 'wind_mph': 8.1, 'wind_kph': 13.0, 'wind_degree': 230, 'wind_dir': 'SW', 'pressure_mb': 973.0, 'pressure_in': 29.2, 'precip_mm': 0.1, 'precip_in': 0.0, 'humidity': 70, 'cloud': 0, 'feelslike_c': 1.8, 'feelslike_f': 35.3, 'vis_km': 10.0, 'vis_miles': 6.0, 'uv': 2.0, 'gust_mph': 11.2, 'gust_kph': 18.0}"
"{'name': 'Greenwich', 'region': 'Greenwich, Greater London', 'country': 'United Kingdom', 'lat': 51.48, 'lon': 0.01, 'tz_id': 'Europe/London', 'localtime_epoch': 1609090202, 'localtime': '2020-12-27 17:30'}","{'last_updated_epoch': 1609089306, 'last_updated': '2020-12-27 17:15', 'temp_c': 4.0, 'temp_f': 39.2, 'is_day': 0, 'condition': {'text': 'Clear', 'icon': '//cdn.weatherapi.com/weather/64x64/night/113.png', 'code': 1000}, 'wind_mph': 6.9, 'wind_kph': 11.2, 'wind_degree': 200, 'wind_dir': 'SSW', 'pressure_mb': 973.0, 'pressure_in': 29.2, 'precip_mm': 0.1, 'precip_in': 0.0, 'humidity': 75, 'cloud': 0, 'feelslike_c': 0.6, 'feelslike_f': 33.1, 'vis_km': 10.0, 'vis_miles': 6.0, 'uv': 2.0, 'gust_mph': 11.2, 'gust_kph': 18.0}"
"{'name': 'Greenwich', 'region': 'Greenwich, Greater London', 'country': 'United Kingdom', 'lat': 51.48, 'lon': 0.01, 'tz_id': 'Europe/London', 'localtime_epoch': 1609091101, 'localtime': '2020-12-27 17:45'}","{'last_updated_epoch': 1609090209, 'last_updated': '2020-12-27 17:30', 'temp_c': 4.0, 'temp_f': 39.2, 'is_day': 0, 'condition': {'text': 'Clear', 'icon': '//cdn.weatherapi.com/weather/64x64/night/113.png', 'code': 1000}, 'wind_mph': 8.1, 'wind_kph': 13.0, 'wind_degree': 200, 'wind_dir': 'SSW', 'pressure_mb': 973.0, 'pressure_in': 29.2, 'precip_mm': 0.1, 'precip_in': 0.0, 'humidity': 81, 'cloud': 0, 'feelslike_c': 0.6, 'feelslike_f': 33.1, 'vis_km': 10.0, 'vis_miles': 6.0, 'uv': 2.0, 'gust_mph': 11.2, 'gust_kph': 18.0}"
"{'name': 'Greenwich', 'region': 'Greenwich, Greater London', 'country': 'United Kingdom', 'lat': 51.48, 'lon': 0.01, 'tz_id': 'Europe/London', 'localtime_epoch': 1609092002, 'localtime': '2020-12-27 18:00'}","{'last_updated_epoch': 1609091111, 'last_updated': '2020-12-27 17:45', 'temp_c': 4.0, 'temp_f': 39.2, 'is_day': 0, 'condition': {'text': 'Clear', 'icon': '//cdn.weatherapi.com/weather/64x64/night/113.png', 'code': 1000}, 'wind_mph': 8.1, 'wind_kph': 13.0, 'wind_degree': 200, 'wind_dir': 'SSW', 'pressure_mb': 973.0, 'pressure_in': 29.2, 'precip_mm': 0.0, 'precip_in': 0.0, 'humidity': 81, 'cloud': 0, 'feelslike_c': 0.7, 'feelslike_f': 33.2, 'vis_km': 10.0, 'vis_miles': 6.0, 'uv': 3.0, 'gust_mph': 11.2, 'gust_kph': 18.0}"
"{'name': 'Greenwich', 'region': 'Greenwich, Greater London', 'country': 'United Kingdom', 'lat': 51.48, 'lon': 0.01, 'tz_id': 'Europe/London', 'localtime_epoch': 1609092902, 'localtime': '2020-12-27 18:15'}","{'last_updated_epoch': 1609092013, 'last_updated': '2020-12-27 18:00', 'temp_c': 4.0, 'temp_f': 39.2, 'is_day': 0, 'condition': {'text': 'Clear', 'icon': '//cdn.weatherapi.com/weather/64x64/night/113.png', 'code': 1000}, 'wind_mph': 8.1, 'wind_kph': 13.0, 'wind_degree': 200, 'wind_dir': 'SSW', 'pressure_mb': 973.0, 'pressure_in': 29.2, 'precip_mm': 0.0, 'precip_in': 0.0, 'humidity': 81, 'cloud': 0, 'feelslike_c': 0.7, 'feelslike_f': 33.2, 'vis_km': 10.0, 'vis_miles': 6.0, 'uv': 3.0, 'gust_mph': 11.2, 'gust_kph': 18.0}"
"{'name': 'Greenwich', 'region': 'Greenwich, Greater London', 'country': 'United Kingdom', 'lat': 51.48, 'lon': 0.01, 'tz_id': 'Europe/London', 'localtime_epoch': 1609093801, 'localtime': '2020-12-27 18:30'}","{'last_updated_epoch': 1609092906, 'last_updated': '2020-12-27 18:15', 'temp_c': 4.0, 'temp_f': 39.2, 'is_day': 0, 'condition': {'text': 'Clear', 'icon': '//cdn.weatherapi.com/weather/64x64/night/113.png', 'code': 1000}, 'wind_mph': 8.1, 'wind_kph': 13.0, 'wind_degree': 220, 'wind_dir': 'SW', 'pressure_mb': 973.0, 'pressure_in': 29.2, 'precip_mm': 0.0, 'precip_in': 0.0, 'humidity': 81, 'cloud': 0, 'feelslike_c': 0.7, 'feelslike_f': 33.2, 'vis_km': 10.0, 'vis_miles': 6.0, 'uv': 3.0, 'gust_mph': 11.2, 'gust_kph': 18.0}"
"{'name': 'Greenwich', 'region': 'Greenwich, Greater London', 'country': 'United Kingdom', 'lat': 51.48, 'lon': 0.01, 'tz_id': 'Europe/London', 'localtime_epoch': 1609094701, 'localtime': '2020-12-27 18:45'}","{'last_updated_epoch': 1609093810, 'last_updated': '2020-12-27 18:30', 'temp_c': 3.0, 'temp_f': 37.4, 'is_day': 0, 'condition': {'text': 'Clear', 'icon': '//cdn.weatherapi.com/weather/64x64/night/113.png', 'code': 1000}, 'wind_mph': 6.9, 'wind_kph': 11.2, 'wind_degree': 210, 'wind_dir': 'SSW', 'pressure_mb': 973.0, 'pressure_in': 29.2, 'precip_mm': 0.0, 'precip_in': 0.0, 'humidity': 87, 'cloud': 0, 'feelslike_c': -0.6, 'feelslike_f': 31.0, 'vis_km': 10.0, 'vis_miles': 6.0, 'uv': 3.0, 'gust_mph': 11.2, 'gust_kph': 18.0}"
"{'name': 'Greenwich', 'region': 'Greenwich, Greater London', 'country': 'United Kingdom', 'lat': 51.48, 'lon': 0.01, 'tz_id': 'Europe/London', 'localtime_epoch': 1609095602, 'localtime': '2020-12-27 19:00'}","{'last_updated_epoch': 1609094709, 'last_updated': '2020-12-27 18:45', 'temp_c': 3.0, 'temp_f': 37.4, 'is_day': 0, 'condition': {'text': 'Clear', 'icon': '//cdn.weatherapi.com/weather/64x64/night/113.png', 'code': 1000}, 'wind_mph': 6.9, 'wind_kph': 11.2, 'wind_degree': 210, 'wind_dir': 'SSW', 'pressure_mb': 973.0, 'pressure_in': 29.2, 'precip_mm': 0.0, 'precip_in': 0.0, 'humidity': 87, 'cloud': 0, 'feelslike_c': -0.6, 'feelslike_f': 31.0, 'vis_km': 10.0, 'vis_miles': 6.0, 'uv': 3.0, 'gust_mph': 11.2, 'gust_kph': 18.0}"
"{'name': 'Greenwich', 'region': 'Greenwich, Greater London', 'country': 'United Kingdom', 'lat': 51.48, 'lon': 0.01, 'tz_id': 'Europe/London', 'localtime_epoch': 1609096501, 'localtime': '2020-12-27 19:15'}","{'last_updated_epoch': 1609095615, 'last_updated': '2020-12-27 19:00', 'temp_c': 3.0, 'temp_f': 37.4, 'is_day': 0, 'condition': {'text': 'Clear', 'icon': '//cdn.weatherapi.com/weather/64x64/night/113.png', 'code': 1000}, 'wind_mph': 6.9, 'wind_kph': 11.2, 'wind_degree': 210, 'wind_dir': 'SSW', 'pressure_mb': 973.0, 'pressure_in': 29.2, 'precip_mm': 0.0, 'precip_in': 0.0, 'humidity': 87, 'cloud': 0, 'feelslike_c': -0.2, 'feelslike_f': 31.6, 'vis_km': 10.0, 'vis_miles': 6.0, 'uv': 1.0, 'gust_mph': 10.1, 'gust_kph': 16.2}"
"{'name': 'Greenwich', 'region': 'Greenwich, Greater London', 'country': 'United Kingdom', 'lat': 51.48, 'lon': 0.01, 'tz_id': 'Europe/London', 'localtime_epoch': 1609097402, 'localtime': '2020-12-27 19:30'}","{'last_updated_epoch': 1609096506, 'last_updated': '2020-12-27 19:15', 'temp_c': 3.0, 'temp_f': 37.4, 'is_day': 0, 'condition': {'text': 'Clear', 'icon': '//cdn.weatherapi.com/weather/64x64/night/113.png', 'code': 1000}, 'wind_mph': 6.9, 'wind_kph': 11.2, 'wind_degree': 210, 'wind_dir': 'SSW', 'pressure_mb': 973.0, 'pressure_in': 29.2, 'precip_mm': 0.0, 'precip_in': 0.0, 'humidity': 87, 'cloud': 0, 'feelslike_c': -0.2, 'feelslike_f': 31.6, 'vis_km': 10.0, 'vis_miles': 6.0, 'uv': 1.0, 'gust_mph': 10.1, 'gust_kph': 16.2}"
"{'name': 'Greenwich', 'region': 'Greenwich, Greater London', 'country': 'United Kingdom', 'lat': 51.48, 'lon': 0.01, 'tz_id': 'Europe/London', 'localtime_epoch': 1609098301, 'localtime': '2020-12-27 19:45'}","{'last_updated_epoch': 1609097410, 'last_updated': '2020-12-27 19:30', 'temp_c': 2.0, 'temp_f': 35.6, 'is_day': 0, 'condition': {'text': 'Clear', 'icon': '//cdn.weatherapi.com/weather/64x64/night/113.png', 'code': 1000}, 'wind_mph': 4.3, 'wind_kph': 6.8, 'wind_degree': 180, 'wind_dir': 'S', 'pressure_mb': 973.0, 'pressure_in': 29.2, 'precip_mm': 0.0, 'precip_in': 0.0, 'humidity': 87, 'cloud': 0, 'feelslike_c': -1.4, 'feelslike_f': 29.4, 'vis_km': 10.0, 'vis_miles': 6.0, 'uv': 1.0, 'gust_mph': 10.1, 'gust_kph': 16.2}"
"{'name': 'Greenwich', 'region': 'Greenwich, Greater London', 'country': 'United Kingdom', 'lat': 51.48, 'lon': 0.01, 'tz_id': 'Europe/London', 'localtime_epoch': 1609099202, 'localtime': '2020-12-27 20:00'}","{'last_updated_epoch': 1609098309, 'last_updated': '2020-12-27 19:45', 'temp_c': 2.0, 'temp_f': 35.6, 'is_day': 0, 'condition': {'text': 'Clear', 'icon': '//cdn.weatherapi.com/weather/64x64/night/113.png', 'code': 1000}, 'wind_mph': 4.3, 'wind_kph': 6.8, 'wind_degree': 180, 'wind_dir': 'S', 'pressure_mb': 973.0, 'pressure_in': 29.2, 'precip_mm': 0.0, 'precip_in': 0.0, 'humidity': 87, 'cloud': 0, 'feelslike_c': -1.4, 'feelslike_f': 29.4, 'vis_km': 10.0, 'vis_miles': 6.0, 'uv': 1.0, 'gust_mph': 10.1, 'gust_kph': 16.2}"
"{'name': 'Greenwich', 'region': 'Greenwich, Greater London', 'country': 'United Kingdom', 'lat': 51.48, 'lon': 0.01, 'tz_id': 'Europe/London', 'localtime_epoch': 1609100101, 'localtime': '2020-12-27 20:15'}","{'last_updated_epoch': 1609099213, 'last_updated': '2020-12-27 20:00', 'temp_c': 2.0, 'temp_f': 35.6, 'is_day': 0, 'condition': {'text': 'Clear', 'icon': '//cdn.weatherapi.com/weather/64x64/night/113.png', 'code': 1000}, 'wind_mph': 4.3, 'wind_kph': 6.8, 'wind_degree': 180, 'wind_dir': 'S', 'pressure_mb': 973.0, 'pressure_in': 29.2, 'precip_mm': 0.0, 'precip_in': 0.0, 'humidity': 87, 'cloud': 0, 'feelslike_c': -1.1, 'feelslike_f': 30.0, 'vis_km': 10.0, 'vis_miles': 6.0, 'uv': 1.0, 'gust_mph': 9.2, 'gust_kph': 14.8}"
"{'name': 'Greenwich', 'region': 'Greenwich, Greater London', 'country': 'United Kingdom', 'lat': 51.48, 'lon': 0.01, 'tz_id': 'Europe/London', 'localtime_epoch': 1609101001, 'localtime': '2020-12-27 20:30'}","{'last_updated_epoch': 1609100106, 'last_updated': '2020-12-27 20:15', 'temp_c': 2.0, 'temp_f': 35.6, 'is_day': 0, 'condition': {'text': 'Clear', 'icon': '//cdn.weatherapi.com/weather/64x64/night/113.png', 'code': 1000}, 'wind_mph': 4.3, 'wind_kph': 6.8, 'wind_degree': 170, 'wind_dir': 'S', 'pressure_mb': 973.0, 'pressure_in': 29.2, 'precip_mm': 0.0, 'precip_in': 0.0, 'humidity': 87, 'cloud': 0, 'feelslike_c': -1.1, 'feelslike_f': 30.0, 'vis_km': 10.0, 'vis_miles': 6.0, 'uv': 1.0, 'gust_mph': 9.2, 'gust_kph': 14.8}"
"{'name': 'Greenwich', 'region': 'Greenwich, Greater London', 'country': 'United Kingdom', 'lat': 51.48, 'lon': 0.01, 'tz_id': 'Europe/London', 'localtime_epoch': 1609101902, 'localtime': '2020-12-27 20:45'}","{'last_updated_epoch': 1609101009, 'last_updated': '2020-12-27 20:30', 'temp_c': 2.0, 'temp_f': 35.6, 'is_day': 0, 'condition': {'text': 'Clear', 'icon': '//cdn.weatherapi.com/weather/64x64/night/113.png', 'code': 1000}, 'wind_mph': 5.6, 'wind_kph': 9.0, 'wind_degree': 170, 'wind_dir': 'S', 'pressure_mb': 973.0, 'pressure_in': 29.2, 'precip_mm': 0.0, 'precip_in': 0.0, 'humidity': 87, 'cloud': 0, 'feelslike_c': -1.1, 'feelslike_f': 30.0, 'vis_km': 10.0, 'vis_miles': 6.0, 'uv': 1.0, 'gust_mph': 8.7, 'gust_kph': 14.0}"
"{'name': 'Greenwich', 'region': 'Greenwich, Greater London', 'country': 'United Kingdom', 'lat': 51.48, 'lon': 0.01, 'tz_id': 'Europe/London', 'localtime_epoch': 1609102802, 'localtime': '2020-12-27 21:00'}","{'last_updated_epoch': 1609101908, 'last_updated': '2020-12-27 20:45', 'temp_c': 2.0, 'temp_f': 35.6, 'is_day': 0, 'condition': {'text': 'Clear', 'icon': '//cdn.weatherapi.com/weather/64x64/night/113.png', 'code': 1000}, 'wind_mph': 5.6, 'wind_kph': 9.0, 'wind_degree': 170, 'wind_dir': 'S', 'pressure_mb': 973.0, 'pressure_in': 29.2, 'precip_mm': 0.0, 'precip_in': 0.0, 'humidity': 87, 'cloud': 0, 'feelslike_c': -1.8, 'feelslike_f': 28.8, 'vis_km': 10.0, 'vis_miles': 6.0, 'uv': 1.0, 'gust_mph': 12.3, 'gust_kph': 19.8}"
"{'name': 'Greenwich', 'region': 'Greenwich, Greater London', 'country': 'United Kingdom', 'lat': 51.48, 'lon': 0.01, 'tz_id': 'Europe/London', 'localtime_epoch': 1609103701, 'localtime': '2020-12-27 21:15'}","{'last_updated_epoch': 1609102811, 'last_updated': '2020-12-27 21:00', 'temp_c': 2.0, 'temp_f': 35.6, 'is_day': 0, 'condition': {'text': 'Clear', 'icon': '//cdn.weatherapi.com/weather/64x64/night/113.png', 'code': 1000}, 'wind_mph': 5.6, 'wind_kph': 9.0, 'wind_degree': 170, 'wind_dir': 'S', 'pressure_mb': 973.0, 'pressure_in': 29.2, 'precip_mm': 0.0, 'precip_in': 0.0, 'humidity': 87, 'cloud': 0, 'feelslike_c': -1.5, 'feelslike_f': 29.3, 'vis_km': 10.0, 'vis_miles': 6.0, 'uv': 1.0, 'gust_mph': 11.6, 'gust_kph': 18.7}"
"{'name': 'Greenwich', 'region': 'Greenwich, Greater London', 'country': 'United Kingdom', 'lat': 51.48, 'lon': 0.01, 'tz_id': 'Europe/London', 'localtime_epoch': 1609104602, 'localtime': '2020-12-27 21:30'}","{'last_updated_epoch': 1609103705, 'last_updated': '2020-12-27 21:15', 'temp_c': 2.0, 'temp_f': 35.6, 'is_day': 0, 'condition': {'text': 'Clear', 'icon': '//cdn.weatherapi.com/weather/64x64/night/113.png', 'code': 1000}, 'wind_mph': 0.0, 'wind_kph': 0.0, 'wind_degree': 227, 'wind_dir': 'SW', 'pressure_mb': 972.0, 'pressure_in': 29.2, 'precip_mm': 0.0, 'precip_in': 0.0, 'humidity': 87, 'cloud': 0, 'feelslike_c': -1.5, 'feelslike_f': 29.3, 'vis_km': 10.0, 'vis_miles': 6.0, 'uv': 1.0, 'gust_mph': 11.6, 'gust_kph': 18.7}"
"{'name': 'Greenwich', 'region': 'Greenwich, Greater London', 'country': 'United Kingdom', 'lat': 51.48, 'lon': 0.01, 'tz_id': 'Europe/London', 'localtime_epoch': 1609105501, 'localtime': '2020-12-27 21:45'}","{'last_updated_epoch': 1609104609, 'last_updated': '2020-12-27 21:30', 'temp_c': 2.0, 'temp_f': 35.6, 'is_day': 0, 'condition': {'text': 'Clear', 'icon': '//cdn.weatherapi.com/weather/64x64/night/113.png', 'code': 1000}, 'wind_mph': 5.6, 'wind_kph': 9.0, 'wind_degree': 200, 'wind_dir': 'SSW', 'pressure_mb': 972.0, 'pressure_in': 29.2, 'precip_mm': 0.0, 'precip_in': 0.0, 'humidity': 87, 'cloud': 0, 'feelslike_c': -1.5, 'feelslike_f': 29.3, 'vis_km': 10.0, 'vis_miles': 6.0, 'uv': 1.0, 'gust_mph': 11.6, 'gust_kph': 18.7}"
"{'name': 'Greenwich', 'region': 'Greenwich, Greater London', 'country': 'United Kingdom', 'lat': 51.48, 'lon': 0.01, 'tz_id': 'Europe/London', 'localtime_epoch': 1609106401, 'localtime': '2020-12-27 22:00'}","{'last_updated_epoch': 1609105509, 'last_updated': '2020-12-27 21:45', 'temp_c': 2.0, 'temp_f': 35.6, 'is_day': 0, 'condition': {'text': 'Clear', 'icon': '//cdn.weatherapi.com/weather/64x64/night/113.png', 'code': 1000}, 'wind_mph': 5.6, 'wind_kph': 9.0, 'wind_degree': 200, 'wind_dir': 'SSW', 'pressure_mb': 972.0, 'pressure_in': 29.2, 'precip_mm': 0.0, 'precip_in': 0.0, 'humidity': 87, 'cloud': 0, 'feelslike_c': -1.4, 'feelslike_f': 29.6, 'vis_km': 10.0, 'vis_miles': 6.0, 'uv': 1.0, 'gust_mph': 11.0, 'gust_kph': 17.6}"
"{'name': 'Greenwich', 'region': 'Greenwich, Greater London', 'country': 'United Kingdom', 'lat': 51.48, 'lon': 0.01, 'tz_id': 'Europe/London', 'localtime_epoch': 1609107302, 'localtime': '2020-12-27 22:15'}","{'last_updated_epoch': 1609106411, 'last_updated': '2020-12-27 22:00', 'temp_c': 2.0, 'temp_f': 35.6, 'is_day': 0, 'condition': {'text': 'Clear', 'icon': '//cdn.weatherapi.com/weather/64x64/night/113.png', 'code': 1000}, 'wind_mph': 5.6, 'wind_kph': 9.0, 'wind_degree': 200, 'wind_dir': 'SSW', 'pressure_mb': 972.0, 'pressure_in': 29.2, 'precip_mm': 0.0, 'precip_in': 0.0, 'humidity': 87, 'cloud': 0, 'feelslike_c': -1.4, 'feelslike_f': 29.6, 'vis_km': 10.0, 'vis_miles': 6.0, 'uv': 1.0, 'gust_mph': 11.0, 'gust_kph': 17.6}"
"{'name': 'Greenwich', 'region': 'Greenwich, Greater London', 'country': 'United Kingdom', 'lat': 51.48, 'lon': 0.01, 'tz_id': 'Europe/London', 'localtime_epoch': 1609108201, 'localtime': '2020-12-27 22:30'}","{'last_updated_epoch': 1609107305, 'last_updated': '2020-12-27 22:15', 'temp_c': 2.0, 'temp_f': 35.6, 'is_day': 0, 'condition': {'text': 'Clear', 'icon': '//cdn.weatherapi.com/weather/64x64/night/113.png', 'code': 1000}, 'wind_mph': 4.3, 'wind_kph': 6.8, 'wind_degree': 180, 'wind_dir': 'S', 'pressure_mb': 972.0, 'pressure_in': 29.2, 'precip_mm': 0.0, 'precip_in': 0.0, 'humidity': 87, 'cloud': 0, 'feelslike_c': -1.4, 'feelslike_f': 29.6, 'vis_km': 10.0, 'vis_miles': 6.0, 'uv': 1.0, 'gust_mph': 11.0, 'gust_kph': 17.6}"
"{'name': 'Greenwich', 'region': 'Greenwich, Greater London', 'country': 'United Kingdom', 'lat': 51.48, 'lon': 0.01, 'tz_id': 'Europe/London', 'localtime_epoch': 1609109102, 'localtime': '2020-12-27 22:45'}","{'last_updated_epoch': 1609108209, 'last_updated': '2020-12-27 22:30', 'temp_c': 2.0, 'temp_f': 35.6, 'is_day': 0, 'condition': {'text': 'Partly cloudy', 'icon': '//cdn.weatherapi.com/weather/64x64/night/116.png', 'code': 1003}, 'wind_mph': 3.8, 'wind_kph': 6.1, 'wind_degree': 160, 'wind_dir': 'SSE', 'pressure_mb': 972.0, 'pressure_in': 29.2, 'precip_mm': 0.0, 'precip_in': 0.0, 'humidity': 87, 'cloud': 25, 'feelslike_c': -1.4, 'feelslike_f': 29.6, 'vis_km': 10.0, 'vis_miles': 6.0, 'uv': 1.0, 'gust_mph': 11.0, 'gust_kph': 17.6}"
"{'name': 'Greenwich', 'region': 'Greenwich, Greater London', 'country': 'United Kingdom', 'lat': 51.48, 'lon': 0.01, 'tz_id': 'Europe/London', 'localtime_epoch': 1609110001, 'localtime': '2020-12-27 23:00'}","{'last_updated_epoch': 1609109109, 'last_updated': '2020-12-27 22:45', 'temp_c': 2.0, 'temp_f': 35.6, 'is_day': 0, 'condition': {'text': 'Partly cloudy', 'icon': '//cdn.weatherapi.com/weather/64x64/night/116.png', 'code': 1003}, 'wind_mph': 3.8, 'wind_kph': 6.1, 'wind_degree': 160, 'wind_dir': 'SSE', 'pressure_mb': 972.0, 'pressure_in': 29.2, 'precip_mm': 0.0, 'precip_in': 0.0, 'humidity': 87, 'cloud': 25, 'feelslike_c': -1.1, 'feelslike_f': 30.0, 'vis_km': 10.0, 'vis_miles': 6.0, 'uv': 1.0, 'gust_mph': 10.3, 'gust_kph': 16.6}"
"{'name': 'Greenwich', 'region': 'Greenwich, Greater London', 'country': 'United Kingdom', 'lat': 51.48, 'lon': 0.01, 'tz_id': 'Europe/London', 'localtime_epoch': 1609110902, 'localtime': '2020-12-27 23:15'}","{'last_updated_epoch': 1609110013, 'last_updated': '2020-12-27 23:00', 'temp_c': 2.0, 'temp_f': 35.6, 'is_day': 0, 'condition': {'text': 'Partly cloudy', 'icon': '//cdn.weatherapi.com/weather/64x64/night/116.png', 'code': 1003}, 'wind_mph': 3.8, 'wind_kph': 6.1, 'wind_degree': 160, 'wind_dir': 'SSE', 'pressure_mb': 972.0, 'pressure_in': 29.2, 'precip_mm': 0.0, 'precip_in': 0.0, 'humidity': 87, 'cloud': 25, 'feelslike_c': -1.1, 'feelslike_f': 30.0, 'vis_km': 10.0, 'vis_miles': 6.0, 'uv': 1.0, 'gust_mph': 10.3, 'gust_kph': 16.6}"
"{'name': 'Greenwich', 'region': 'Greenwich, Greater London', 'country': 'United Kingdom', 'lat': 51.48, 'lon': 0.01, 'tz_id': 'Europe/London', 'localtime_epoch': 1609111802, 'localtime': '2020-12-27 23:30'}","{'last_updated_epoch': 1609110907, 'last_updated': '2020-12-27 23:15', 'temp_c': 1.0, 'temp_f': 33.8, 'is_day': 0, 'condition': {'text': 'Clear', 'icon': '//cdn.weatherapi.com/weather/64x64/night/113.png', 'code': 1000}, 'wind_mph': 0.0, 'wind_kph': 0.0, 'wind_degree': 221, 'wind_dir': 'SW', 'pressure_mb': 972.0, 'pressure_in': 29.2, 'precip_mm': 0.0, 'precip_in': 0.0, 'humidity': 93, 'cloud': 0, 'feelslike_c': -2.3, 'feelslike_f': 27.8, 'vis_km': 10.0, 'vis_miles': 6.0, 'uv': 1.0, 'gust_mph': 10.3, 'gust_kph': 16.6}"
"{'name': 'Greenwich', 'region': 'Greenwich, Greater London', 'country': 'United Kingdom', 'lat': 51.48, 'lon': 0.01, 'tz_id': 'Europe/London', 'localtime_epoch': 1609112701, 'localtime': '2020-12-27 23:45'}","{'last_updated_epoch': 1609111809, 'last_updated': '2020-12-27 23:30', 'temp_c': 2.0, 'temp_f': 35.6, 'is_day': 0, 'condition': {'text': 'Clear', 'icon': '//cdn.weatherapi.com/weather/64x64/night/113.png', 'code': 1000}, 'wind_mph': 3.8, 'wind_kph': 6.1, 'wind_degree': 140, 'wind_dir': 'SE', 'pressure_mb': 972.0, 'pressure_in': 29.2, 'precip_mm': 0.0, 'precip_in': 0.0, 'humidity': 87, 'cloud': 0, 'feelslike_c': -1.1, 'feelslike_f': 30.0, 'vis_km': 10.0, 'vis_miles': 6.0, 'uv': 1.0, 'gust_mph': 10.3, 'gust_kph': 16.6}"
